12VIT0101,StudyHard123
12VIT0102,MathWizard42
12VIT0103,ScienceGeek86
12VIT0104,HistoryNerd10
12VIT0105,EnglishPro79
12VIT0106,ArtisticMind55
12VIT0107,BiologyWhiz2023
12VIT0108,CreativeWriter21
12VIT0109,Bookworm2023
12VIT0110,TeamPlayer77
12VIT0111,DreamBig123
12VIT0112,MusicLover42
12VIT0113,CuriousMind86
12VIT0114,SportsFan10
12VIT0115,TechGenius79
12VIT0116,QuizMaster55
12VIT0117,ClassroomStar2023
12VIT0118,AvidReader21
12VIT0119,FutureLeader77
12VIT0120,ScienceFair2023
12VIT0121,MathGuru22
12VIT0122,ArtEnthusiast44
12VIT0123,LiteraryNerd101
12VIT0124,Musician2023
12VIT0125,HistoryBuff77
12VIT0126,CreativeSoul55
12VIT0127,StarStudent123
12VIT0128,WordSmith42
12VIT0129,SportsChamp10
12VIT0130,TechSavvy79
12VIT0131,CuriousExplorer55
12VIT0132,StudyBuddy2023
12VIT0133,ScienceExplorer21
12VIT0134,MathWhiz77
12VIT0135,ArtisticTalent22
13VIT1101,BookLover44
13VIT1102,FutureScientist99
13VIT1103,MusicMaestro77
13VIT1104,HistoryExpert2023
13VIT1105,CreativeMind21
13VIT1106,ScienceGenius10
13VIT1107,LanguageLover55
13VIT1108,MathWizard123
13VIT1109,ArtisticFlair42
13VIT1110,LiteraryGenius10
13VIT1111,MusicPassion99
13VIT1112,HistoryFan77
13VIT1113,CuriousMind2023
13VIT1114,StarScholar21
13VIT1115,Bookworm77
13VIT1116,FutureEngineer22
13VIT1117,ScienceGeek44
13VIT1118,MathPro101
13VIT1119,ArtLover2023
13VIT1120,WordSmith55
13VIT1121,SportsFanatic77
13VIT1122,TechWhiz99
13VIT1123,CuriousExplorer77
13VIT1124,StudyPartner2023
13VIT1125,ScienceEnthusiast21
13VIT1126,MathGenius55
13VIT1127,CreativeWriter101
13VIT1128,MusicLover77
13VIT1129,HistoryNerd2023
13VIT1130,ArtisticSoul21
13VIT1131,LiteraryNerd55
13VIT1132,StarPupil123
13VIT1133,WordWizard42
13VIT1134,SportsChamp10
13VIT1135,TechSavvy79
14VIT2101,CuriousMind55
14VIT2102,StudyBuddy2023
14VIT2103,ScienceExplorer21
14VIT2104,MathWhiz77
14VIT2105,ArtisticTalent22
14VIT2106,BookLover44
14VIT2107,FutureScientist99
14VIT2108,MusicMaestro77
14VIT2109,HistoryExpert2023
14VIT2110,CreativeMind21
14VIT2111,ScienceGenius10
14VIT2112,LanguageLover55
14VIT2113,MathWizard123
14VIT2114,ArtisticFlair42
14VIT2115,LiteraryGenius10
14VIT2116,MusicPassion99
14VIT2117,HistoryFan77
14VIT2118,CuriousMind2023
14VIT2119,StarScholar21
14VIT2120,Bookworm77
14VIT2121,FutureEngineer22
14VIT2122,ScienceGeek44
14VIT2123,MathPro101
14VIT2124,ArtLover2023
14VIT2125,WordSmith55
14VIT2126,SportsFanatic77
14VIT2127,TechWhiz99
14VIT2128,CuriousExplorer77
14VIT2129,StudyPartner2023
14VIT2130,ScienceEnthusiast21
14VIT2131,MathGenius55
14VIT2132,CreativeWriter101
14VIT2133,MusicLover77
14VIT2134,HistoryNerd2023
14VIT2135,ArtisticSoul21
15VIT3101,LiteraryNerd55
15VIT3102,StarPupil123
15VIT3103,WordWizard42
15VIT3104,SportsChamp10
15VIT3105,TechSavvy79
15VIT3106,CuriousMind55
15VIT3107,StudyBuddy2023
15VIT3108,ScienceExplorer21
15VIT3109,MathWhiz77
15VIT3110,ArtisticTalent22
15VIT3111,BookLover44
15VIT3112,FutureScientist99
15VIT3113,MusicMaestro77
15VIT3114,HistoryExpert2023
15VIT3115,CreativeMind21
15VIT3116,ScienceGenius10
15VIT3117,LanguageLover55
15VIT3118,MathWizard123
15VIT3119,ArtisticFlair42
15VIT3120,LiteraryGenius10
15VIT3121,MusicPassion99
15VIT3122,HistoryFan77
15VIT3123,CuriousMind2023
15VIT3124,StarScholar21
15VIT3125,Bookworm77
15VIT3126,FutureEngineer22
15VIT3127,ScienceGeek44
15VIT3128,MathPro101
15VIT3129,ArtLover2023
15VIT3130,WordSmith55
15VIT3131,SportsFanatic77
15VIT3132,TechWhiz99
15VIT3133,CuriousExplorer77
15VIT3134,StudyPartner2023
15VIT3135,ScienceEnthusiast21
16VIT4101,MathGenius55
16VIT4102,CreativeWriter101
16VIT4103,MusicLover77
16VIT4104,HistoryNerd2023
16VIT4105,ArtisticSoul21
16VIT4106,LiteraryNerd55
16VIT4107,StarPupil123
16VIT4108,WordWizard42
16VIT4109,SportsChamp10
16VIT4110,TechSavvy79
16VIT4111,CuriousMind55
16VIT4112,StudyBuddy2023
16VIT4113,ScienceExplorer21
16VIT4114,MathWhiz77
16VIT4115,ArtisticTalent22
16VIT4116,BookLover44
16VIT4117,FutureScientist99
16VIT4118,MusicMaestro77
16VIT4119,HistoryExpert2023
16VIT4120,CreativeMind21
16VIT4121,ScienceGenius10
16VIT4122,LanguageLover55
16VIT4123,MathWizard123
16VIT4124,ArtisticFlair42
16VIT4125,LiteraryGenius10
16VIT4126,MusicPassion99
16VIT4127,HistoryFan77
16VIT4128,CuriousMind2023
16VIT4129,StarScholar21
16VIT4130,Bookworm77
16VIT4131,FutureEngineer22
16VIT4132,ScienceGeek44
16VIT4133,MathPro101
16VIT4134,ArtLover2023
16VIT4135,WordSmith55
17VIT5101,SportsFanatic77
17VIT5102,TechWhiz99
17VIT5103,CuriousExplorer77
17VIT5104,StudyPartner2023
17VIT5105,ScienceEnthusiast21
17VIT5106,MathGenius55
17VIT5107,CreativeWriter101
17VIT5108,MusicLover77
17VIT5109,HistoryNerd2023
17VIT5110,ArtisticSoul21
17VIT5111,LiteraryNerd55
17VIT5112,StarPupil123
17VIT5113,WordWizard42
17VIT5114,SportsChamp10
17VIT5115,TechSavvy79
17VIT5116,CuriousMind55
17VIT5117,StudyBuddy2023
17VIT5118,ScienceExplorer21
17VIT5119,MathWhiz77
17VIT5120,ArtisticTalent22
17VIT5121,BookLover44
17VIT5122,FutureScientist99
17VIT5123,MusicMaestro77
17VIT5124,HistoryExpert2023
17VIT5125,CreativeMind21
17VIT5126,ScienceGenius10
17VIT5127,LanguageLover55
17VIT5128,MathWizard123
17VIT5129,ArtisticFlair42
17VIT5130,LiteraryGenius10
17VIT5131,MusicPassion99
17VIT5132,HistoryFan77
17VIT5133,CuriousMind2023
17VIT5134,StarScholar21
17VIT5135,Bookworm77
18VIT6101,FutureEngineer22
18VIT6102,ScienceGeek44
18VIT6103,MathPro101
18VIT6104,ArtLover2023
18VIT6105,WordSmith55
18VIT6106,SportsFanatic77
18VIT6107,TechWhiz99
18VIT6108,CuriousExplorer77
18VIT6109,StudyPartner2023
18VIT6110,ScienceEnthusiast21
18VIT6111,MathGenius55
18VIT6112,CreativeWriter101
18VIT6113,MusicLover77
18VIT6114,HistoryNerd2023
18VIT6115,ArtisticSoul21
18VIT6116,LiteraryNerd55
18VIT6117,StarPupil123
18VIT6118,WordWizard42
18VIT6119,SportsChamp10
18VIT6120,TechSavvy79
18VIT6121,CuriousMind55
18VIT6122,StudyBuddy2023
18VIT6123,ScienceExplorer21
18VIT6124,MathWhiz77
18VIT6125,ArtisticTalent22
18VIT6126,BookLover44
18VIT6127,FutureScientist99
18VIT6128,MusicMaestro77
18VIT6129,HistoryExpert2023
18VIT6130,CreativeMind21
18VIT6131,ScienceGenius10
18VIT6132,LanguageLover55
18VIT6133,MathWizard123
18VIT6134,ArtisticFlair42
18VIT6135,LiteraryGenius10
19VIT7101,MusicPassion99
19VIT7102,HistoryFan77
19VIT7103,CuriousMind2023
19VIT7104,StarScholar21
19VIT7105,Bookworm77
19VIT7106,FutureEngineer22
19VIT7107,ScienceGeek44
19VIT7108,MathPro101
19VIT7109,ArtLover2023
19VIT7110,WordSmith55
19VIT7111,SportsFanatic77
19VIT7112,TechWhiz99
19VIT7113,CuriousExplorer77
19VIT7114,StudyPartner2023
19VIT7115,ScienceEnthusiast21
19VIT7116,MathGenius55
19VIT7117,CreativeWriter101
19VIT7118,MusicLover77
19VIT7119,HistoryNerd2023
19VIT7120,ArtisticSoul21
19VIT7121,LiteraryNerd55
19VIT7122,StarPupil123
19VIT7123,WordWizard42
19VIT7124,SportsChamp10
19VIT7125,TechSavvy79
19VIT7126,CuriousMind55
19VIT7127,StudyBuddy2023
19VIT7128,ScienceExplorer21
19VIT7129,MathWhiz77
19VIT7130,ArtisticTalent22
19VIT7131,BookLover44
19VIT7132,FutureScientist99
19VIT7133,MusicMaestro77
19VIT7134,HistoryExpert2023
19VIT7135,CreativeMind21
20VIT8101,ScienceGenius10
20VIT8102,LanguageLover55
20VIT8103,MathWizard123
20VIT8104,ArtisticFlair42
20VIT8105,LiteraryGenius10
20VIT8106,MusicPassion99
20VIT8107,HistoryFan77
20VIT8108,CuriousMind2023
20VIT8109,StarScholar21
20VIT8110,Bookworm77
20VIT8111,FutureEngineer22
20VIT8112,ScienceGeek44
20VIT8113,MathPro101
20VIT8114,ArtLover2023
20VIT8115,WordSmith55
20VIT8116,SportsFanatic77
20VIT8117,TechWhiz99
20VIT8118,CuriousExplorer77
20VIT8119,StudyPartner2023
20VIT8120,ScienceEnthusiast21
20VIT8121,MathGenius55
20VIT8122,CreativeWriter101
20VIT8123,MusicLover77
20VIT8124,HistoryNerd2023
20VIT8125,ArtisticSoul21
20VIT8126,LiteraryNerd55
20VIT8127,StarPupil123
20VIT8128,WordWizard42
20VIT8129,SportsChamp10
20VIT8130,TechSavvy79
20VIT8131,CuriousMind55
20VIT8132,StudyBuddy2023
20VIT8133,ScienceExplorer21
20VIT8134,MathWhiz77
20VIT8135,ArtisticTalent22
21VIT9101,BookLover44
21VIT9102,FutureScientist99
21VIT9103,MusicMaestro77
21VIT9104,HistoryExpert2023
21VIT9105,CreativeMind21
21VIT9106,ScienceGenius10
21VIT9107,LanguageLover55
21VIT9108,MathWizard123
21VIT9109,ArtisticFlair42
21VIT9110,LiteraryGenius10
21VIT9111,MusicPassion99
21VIT9112,HistoryFan77
21VIT9113,CuriousMind2023
21VIT9114,StarScholar21
21VIT9115,Bookworm77
21VIT9116,FutureEngineer22
21VIT9117,ScienceGeek44
21VIT9118,MathPro101
21VIT9119,ArtLover2023
21VIT9120,WordSmith55
21VIT9121,SportsFanatic77
21VIT9122,TechWhiz99
21VIT9123,CuriousExplorer77
21VIT9124,StudyPartner2023
21VIT9125,ScienceEnthusiast21
21VIT9126,MathGenius55
21VIT9127,CreativeWriter101
21VIT9128,MusicLover77
21VIT9129,HistoryNerd2023
21VIT9130,ArtisticSoul21
21VIT9131,LiteraryNerd55
21VIT9132,StarPupil123
21VIT9133,WordWizard42
21VIT9134,SportsChamp10
21VIT9135,TechSavvy79
22VIT201,CuriousMind55
22VIT202,StudyBuddy2023
22VIT203,ScienceExplorer21
22VIT204,MathWhiz77
22VIT205,ArtisticTalent22
22VIT206,BookLover44
22VIT207,FutureScientist99
22VIT208,MusicMaestro77
22VIT209,HistoryExpert2023
22VIT210,CreativeMind21
22VIT211,ScienceGenius10
22VIT212,LanguageLover55
22VIT213,MathWizard123
22VIT214,ArtisticFlair42
22VIT215,LiteraryGenius10
22VIT216,MusicPassion99
22VIT217,HistoryFan77
22VIT218,CuriousMind2023
22VIT219,StarScholar21
22VIT220,Bookworm77
22VIT221,FutureEngineer22
22VIT222,ScienceGeek44
22VIT223,MathPro101
22VIT224,ArtLover2023
22VIT225,WordSmith55
22VIT226,SportsFanatic77
22VIT227,TechWhiz99
22VIT228,CuriousExplorer77
22VIT229,StudyPartner2023
22VIT230,ScienceEnthusiast21
22VIT231,MathGenius55
22VIT232,CreativeWriter101
22VIT233,MusicLover77
22VIT234,HistoryNerd2023
22VIT235,ArtisticSoul21